name,sity,country,email
jparker0,Kurovskoye,Russia,cgarcia0@icq.com
tbarnes1,Cañas,Costa Rica,paustin1@salon.com
aferguson2,Nicosia,Cyprus,jjohnston2@abc.net.au
lnichols3,Nailung,China,dtucker3@ycombinator.com
jrichardson4,Ueki,Japan,sdavis4@example.com
scarter5,Xinjie,China,mshaw5@latimes.com
mrobinson6,Ulanov,Ukraine,dlittle6@hubpages.com
knichols7,Candoso,Portugal,ahansen7@ocn.ne.jp
dgraham8,Shishan,China,rhayes8@independent.co.uk
mwilliams9,Markaz-e Woluswalī-ye Āchīn,Afghanistan,jking9@paginegialle.it
dcastilloa,Paamiut,Greenland,eramosa@businesswire.com
wadamsb,Khadīr,Afghanistan,jmedinab@wix.com
twallacec,Varpaisjärvi,Finland,jbrooksc@blogtalkradio.com
lscottd,Chilliwack,Canada,wchapmand@digg.com
emillere,Kashin,Russia,ccoxe@sohu.com
mcolef,Tanggul Wetan,Indonesia,jgordonf@jigsy.com
jbrooksg,Mineralnye Vody,Russia,jparkerg@loc.gov
jburkeh,Inírida,Colombia,mlopezh@google.pl
cfranklini,Los Pinos,Mexico,nhenryi@google.ca
jduncanj,Raposeira,Portugal,abrownj@miibeian.gov.cn
pwebbk,Alvito de São Pedro,Portugal,arussellk@ted.com
fharrisl,Vitarte,Peru,mbarnesl@redcross.org
jaustinm,Girón,Colombia,bphillipsm@e-recht24.de
fstewartn,Risaralda,Colombia,jgrayn@hostgator.com
jrussello,Debre Zeyit,Ethiopia,eolivero@virginia.edu
shawkinsp,Mavingouni,Comoros,mbutlerp@biblegateway.com
tcastilloq,Socorro,Philippines,nyoungq@themeforest.net
rgibsonr,Figueira Castelo Rodrigo,Portugal,ehernandezr@cam.ac.uk
kjoness,Ribeira Quente,Portugal,ccampbells@utexas.edu
lfishert,Gaoyi,China,jbakert@about.com
lmurphyu,Jidong,China,jmasonu@chronoengine.com
sreedv,Pergamos,Cyprus,acoxv@addtoany.com
mmitchellw,Cipicung,Indonesia,preynoldsw@salon.com
kmatthewsx,Wichit,Thailand,jharrisonx@xinhuanet.com
hwilliamsony,Ngamba,Indonesia,bsimmonsy@issuu.com
jmoorez,Huocheng,China,jcampbellz@w3.org
creed10,Santisimo Rosario,Philippines,pstewart10@paypal.com
bmitchell11,Xiongshan,China,nflores11@archive.org
jhall12,Kosino,Russia,nnelson12@t-online.de
jlarson13,Shijing,China,tmurphy13@theglobeandmail.com
dreed14,Omaha,United States,rblack14@npr.org
mgarcia15,Pampachiri,Peru,vfisher15@bloglines.com
dhamilton16,San Juan Sacatepéquez,Guatemala,bwells16@arstechnica.com
rmurray17,Sayansk,Russia,pgonzalez17@fda.gov
dallen18,Kasli,Russia,kmoore18@nasa.gov
cpatterson19,Kamenka,Russia,pclark19@cyberchimps.com
sstone1a,Nueva Loja,Ecuador,fbradley1a@dot.gov
tgarrett1b,Huanxi,China,sbrown1b@cbslocal.com
tshaw1c,Kuroiso,Japan,efrazier1c@nyu.edu
rgarza1d,Avaré,Brazil,jedwards1d@domainmarket.com
swilliamson1e,Tebingtinggi,Indonesia,amyers1e@amazonaws.com
lwillis1f,Bang Phlat,Thailand,emarshall1f@cbc.ca
wmeyer1g,Tečovice,Czech Republic,lshaw1g@1688.com
greyes1h,Suleja,Nigeria,apalmer1h@bizjournals.com
jbrown1i,Muting,Indonesia,sfuller1i@symantec.com
brose1j,Ambarakaraka,Madagascar,achavez1j@163.com
nstanley1k,Molteno,South Africa,tpeterson1k@yahoo.co.jp
baustin1l,Goge,Indonesia,jwood1l@aol.com
mburton1m,Las Matas de Farfán,Dominican Republic,dadams1m@pen.io
cmitchell1n,Krasnomayskiy,Russia,asmith1n@yahoo.com
pgonzales1o,Yanda Bayo,Nigeria,pboyd1o@stumbleupon.com
tmorrison1p,Georgiyevka,Russia,amorrison1p@latimes.com
jstevens1q,Ciro Redondo,Cuba,fgutierrez1q@irs.gov
tmorris1r,Lysekil,Sweden,vjames1r@wunderground.com
dnelson1s,Quartier Militaire,Mauritius,tmartin1s@elpais.com
cwatson1t,Chengxi,China,sbryant1t@ebay.com
relliott1u,Paraisópolis,Brazil,rwelch1u@whitehouse.gov
roliver1v,Dulolong,Indonesia,tward1v@nba.com
hferguson1w,Diré,Mali,jmurphy1w@imageshack.us
ljacobs1x,Wichit,Thailand,wstevens1x@yahoo.co.jp
rbutler1y,Ōmura,Japan,swillis1y@ehow.com
rmorris1z,Khūgyāṉī,Afghanistan,eparker1z@hugedomains.com
sparker20,Huansheng,China,tbailey20@issuu.com
jlarson21,Tangxi,China,eclark21@cbsnews.com
hwashington22,Pärnu,Estonia,jstewart22@cargocollective.com
kchapman23,Čortanovci,Serbia,dgreene23@pagesperso-orange.fr
asnyder24,Lezhë,Albania,karmstrong24@tripadvisor.com
jkim25,Benger,Indonesia,jalexander25@nasa.gov
pmedina26,Dehī,Afghanistan,lwallace26@fc2.com
lfuller27,Shiraz,Iran,rreyes27@si.edu
mwagner28,Paris 08,France,rmontgomery28@bloomberg.com
nmurray29,Kaynardzha,Bulgaria,jhoward29@surveymonkey.com
blittle2a,Trzciana,Poland,dcrawford2a@instagram.com
darmstrong2b,Springfield,United States,dkim2b@delicious.com
jdunn2c,Wetzlar,Germany,bhenderson2c@bbc.co.uk
rmartinez2d,Cheyenne,United States,tnguyen2d@thetimes.co.uk
abailey2e,Gimcheon,South Korea,rharris2e@last.fm
tsanders2f,Skhodnitsa,Ukraine,jcox2f@sciencedirect.com
thowell2g,Tepusteca,Honduras,cruiz2g@ucla.edu
aramos2h,Mayantoc,Philippines,jowens2h@purevolume.com
rbarnes2i,Pysznica,Poland,jcrawford2i@house.gov
lwatkins2j,Osorno,Chile,ahunt2j@newyorker.com
dcunningham2k,Bojonggenteng,Indonesia,lperry2k@ft.com
ppeterson2l,Twardogóra,Poland,jwheeler2l@mac.com
dhudson2m,Bīleh Savār,Iran,kcook2m@mac.com
roliver2n,Dobšice,Czech Republic,ahowell2n@mac.com
lwarren2o,Alcácer do Sal,Portugal,thanson2o@princeton.edu
pgilbert2p,Gines-Patay,Philippines,mstevens2p@devhub.com
jmontgomery2q,Liucheng,China,mdavis2q@census.gov
ccampbell2r,Zhengmo,China,ajacobs2r@purevolume.com
dflores2s,Timashëvsk,Russia,jperry2s@de.vu
dbradley2t,Budva,Montenegro,cturner2t@examiner.com
landerson2u,La Salud,Cuba,rgraham2u@domainmarket.com
sphillips2v,Mranggen,Indonesia,jhamilton2v@privacy.gov.au
bcastillo2w,Chengjiang,China,drichards2w@icq.com
hthomas2x,Gedongmulyo,Indonesia,cstewart2x@rambler.ru
sboyd2y,San Agustin,Mexico,jboyd2y@ask.com
jaustin2z,Torkanivka,Ukraine,lford2z@mayoclinic.com
kmorris30,Winneba,Ghana,ggordon30@photobucket.com
glee31,Kaka,Turkmenistan,jcooper31@guardian.co.uk
bpeterson32,Nong Yai,Thailand,dhamilton32@trellian.com
pellis33,Trinity,Saint Kitts and Nevis,ksnyder33@cam.ac.uk
rnichols34,Lajeosa do Mondego,Portugal,rgarrett34@parallels.com
gortiz35,Stockholm,Sweden,eflores35@myspace.com
kmyers36,São Pedro da Aldeia,Brazil,wmoore36@wiley.com
pdaniels37,Tegalgede,Indonesia,alopez37@google.fr
gcarter38,Kalianget,Indonesia,lmills38@cocolog-nifty.com
lwallace39,Thanatpin,Myanmar,jmorgan39@technorati.com
pwagner3a,Passo Fundo,Brazil,dstewart3a@hibu.com
sstewart3b,Haczów,Poland,plawson3b@theglobeandmail.com
relliott3c,Karangsari,Indonesia,htucker3c@japanpost.jp
mkelly3d,Xinjian,China,rweaver3d@china.com.cn
rramos3e,Tiang,Indonesia,emiller3e@yahoo.com
ebell3f,Ferrol,Spain,tjacobs3f@princeton.edu
acunningham3g,Mao,Dominican Republic,sreyes3g@ftc.gov
bellis3h,Zernograd,Russia,abarnes3h@yale.edu
skelley3i,Hitachi,Japan,chunt3i@wix.com
jolson3j,Suibara,Japan,scoleman3j@uol.com.br
ewebb3k,Torslanda,Sweden,rtaylor3k@techcrunch.com
bgarcia3l,Sanmiaoqian,China,dmoreno3l@last.fm
aperry3m,Alvarães,Brazil,pwhite3m@cbsnews.com
rmorgan3n,Canis,Peru,ccrawford3n@shutterfly.com
sadams3o,Salam,Indonesia,mfreeman3o@ucla.edu
ddiaz3p,Figueira Castelo Rodrigo,Portugal,naustin3p@noaa.gov
cmorrison3q,Votuporanga,Brazil,dtorres3q@ftc.gov
pvasquez3r,Ipoh,Malaysia,sward3r@phoca.cz
lrussell3s,Lille,France,dsimmons3s@hostgator.com
jlong3t,Basiao,Philippines,aolson3t@delicious.com
jallen3u,Potrerillos Arriba,Panama,eschmidt3u@cdc.gov
jgreene3v,Kafir Qala,Afghanistan,scarroll3v@usgs.gov
bcastillo3w,Songnim,North Korea,rramos3w@sitemeter.com
hporter3x,Starigrad,Croatia,fbutler3x@uiuc.edu
dalvarez3y,Kranjska Gora,Slovenia,bgarrett3y@latimes.com
pporter3z,Hlyboka,Ukraine,acarpenter3z@stumbleupon.com
tlynch40,Vetrino,Bulgaria,kgarcia40@vistaprint.com
mprice41,Zamora,Honduras,bgordon41@behance.net
cwheeler42,Zongzhai,China,ahamilton42@yandex.ru
bmarshall43,Oytal,Kazakhstan,cscott43@dailymail.co.uk
kwallace44,Cirompang,Indonesia,hrose44@craigslist.org
rwoods45,Yingwusitang,China,rgilbert45@yale.edu
ameyer46,Qaraçuxur,Azerbaijan,vgraham46@dailymail.co.uk
jstone47,Kabukarudi,Indonesia,kalvarez47@google.com.hk
rmedina48,Świnice Warckie,Poland,jhansen48@booking.com
gelliott49,Armação de Pêra,Portugal,hsimpson49@pcworld.com
dsimpson4a,Kaura Namoda,Nigeria,cbailey4a@wiley.com
cwelch4b,Chilecito,Argentina,tortiz4b@earthlink.net
wgomez4c,Caraballeda,Venezuela,dwoods4c@nymag.com
cperkins4d,Czchów,Poland,fmoore4d@sbwire.com
jfuller4e,Łanięta,Poland,achavez4e@rambler.ru
mreyes4f,Minneapolis,United States,hrobertson4f@stumbleupon.com
mgilbert4g,Tuwiri Wetan,Indonesia,bhart4g@pagesperso-orange.fr
nfisher4h,Shiyuetian,China,jwhite4h@paginegialle.it
lross4i,Saint-André-Avellin,Canada,asanchez4i@yellowbook.com
sbutler4j,Safara,Portugal,ktucker4j@g.co
mparker4k,Halmstad,Sweden,pmurray4k@phpbb.com
nwright4l,Stockholm,Sweden,rwilliamson4l@ask.com
wsanders4m,Itaocara,Brazil,rrichards4m@wikipedia.org
awashington4n,Sing Buri,Thailand,coliver4n@ted.com
jkelly4o,La Roche-sur-Yon,France,wphillips4o@linkedin.com
dsimpson4p,Kundung,Indonesia,jmendoza4p@nifty.com
fjohnson4q,Roma,Italy,agibson4q@apache.org
rbennett4r,Hongshi,China,jalexander4r@tripadvisor.com
mhoward4s,Fukadale,Indonesia,bfranklin4s@cbsnews.com
bdiaz4t,Yaodu,China,egarza4t@eepurl.com
rpalmer4u,Saint John,Malta,nramos4u@booking.com
dtucker4v,Loket,Czech Republic,rwatson4v@nih.gov
bprice4w,Huanza,Peru,mcarroll4w@yolasite.com
pgutierrez4x,Samobor,Croatia,awilliamson4x@tamu.edu
sromero4y,Mymensingh,Bangladesh,cfox4y@live.com
rfields4z,Nagbukel,Philippines,cgreen4z@weather.com
jshaw50,Calizo,Philippines,wbarnes50@cdc.gov
jjackson51,Stavanger,Norway,dharris51@noaa.gov
bhall52,Parchowo,Poland,rwilliamson52@nationalgeographic.com
wflores53,Banja Luka,Bosnia and Herzegovina,nreed53@wordpress.com
rrogers54,Same,East Timor,jfranklin54@wiley.com
dpeters55,Baita,China,aross55@uiuc.edu
areynolds56,Camocim,Brazil,wolson56@squarespace.com
amorgan57,São Sebastião do Caí,Brazil,apowell57@etsy.com
gnelson58,Decatur,United States,dweaver58@telegraph.co.uk
rtucker59,Khemisset,Morocco,bcarroll59@sfgate.com
wwagner5a,Slavkov u Brna,Czech Republic,pprice5a@seesaa.net
lpayne5b,Zverevo,Russia,ccarpenter5b@seattletimes.com
pcoleman5c,Jarigue,Philippines,bgonzalez5c@webeden.co.uk
rtaylor5d,Cetinje,Montenegro,hjenkins5d@yale.edu
etucker5e,Siak Sri Indrapura,Indonesia,hgreen5e@twitpic.com
cwheeler5f,Orlando,United States,ajohnson5f@miibeian.gov.cn
swilson5g,Néa Magnisía,Greece,pcrawford5g@state.tx.us
nlawson5h,Karangduren Dua,Indonesia,mmatthews5h@illinois.edu
jburns5i,Huntington,United States,ccunningham5i@ucoz.ru
hortiz5j,Río Blanco,Nicaragua,phenderson5j@toplist.cz
jrogers5k,København,Denmark,amitchell5k@weibo.com
kstephens5l,Imsil,South Korea,wruiz5l@unicef.org
lscott5m,Sørvágur,Faroe Islands,bhenderson5m@deviantart.com
clane5n,Ordzhonikidze,Kazakhstan,acruz5n@simplemachines.org
vallen5o,Pamplona,Colombia,dcarpenter5o@nasa.gov
smorrison5p,Skórzec,Poland,kwilson5p@seattletimes.com
lmoore5q,Idrinskoye,Russia,awebb5q@tamu.edu
tyoung5r,Solkan,Slovenia,bnelson5r@skype.com
sphillips5s,Wringinputih,Indonesia,lharper5s@macromedia.com
lcarroll5t,Rousínov,Czech Republic,tdixon5t@wikimedia.org
escott5u,Kristiansand S,Norway,jjohnston5u@google.it
rward5v,Kunyang,China,jray5v@w3.org
showell5w,Mahaplag,Philippines,msullivan5w@oracle.com
jstewart5x,Wangdian,China,kfernandez5x@mlb.com
awillis5y,Sechelt,Canada,ddaniels5y@unblog.fr
awheeler5z,Amiens,France,mbrooks5z@tiny.cc
hgarrett60,Nangerang,Indonesia,award60@columbia.edu
jcox61,Brooklyn,United States,hhudson61@about.me
lcoleman62,Beppu,Japan,jpayne62@google.com
lcox63,Sabanagrande,Colombia,dross63@360.cn
sgrant64,Tanjung Raja,Indonesia,rcollins64@nature.com
bbailey65,Klampok,Indonesia,sburton65@illinois.edu
stucker66,Pokrovskoye,Russia,nwebb66@163.com
laustin67,Qiandeng,China,cwilliamson67@edublogs.org
pgarcia68,Banja Luka,Bosnia and Herzegovina,dmoore68@dot.gov
mhart69,Magangué,Colombia,cbailey69@spotify.com
dcox6a,Pindi Gheb,Pakistan,bfisher6a@omniture.com
kcarter6b,Cruz Alta,Brazil,jcole6b@blinklist.com
nrussell6c,Charlotte,United States,bolson6c@ask.com
lramirez6d,Touba,Ivory Coast,mmorales6d@discovery.com
jward6e,Potou,China,cdaniels6e@discuz.net
kelliott6f,Metsavan,Armenia,rbowman6f@bravesites.com
bmontgomery6g,Milano,Italy,hweaver6g@cdbaby.com
lbailey6h,Krajan,Indonesia,rgray6h@telegraph.co.uk
dmorgan6i,Barra Cheia,Portugal,tkelly6i@ezinearticles.com
cmedina6j,Challhuahuacho,Peru,rpayne6j@fotki.com
ecook6k,Odesskoye,Russia,dmiller6k@telegraph.co.uk
lprice6l,Ambarakaraka,Madagascar,tlane6l@businesswire.com
kmason6m,Jinfeng,China,gpayne6m@cam.ac.uk
waustin6n,Krajan,Indonesia,mmills6n@xing.com
plewis6o,Oughterard,Ireland,khunter6o@youtube.com
mboyd6p,Mundybash,Russia,aburns6p@buzzfeed.com
acoleman6q,Hartford,United States,jgilbert6q@ameblo.jp
drose6r,Kabūdarāhang,Iran,galexander6r@wisc.edu
dharvey6s,Libertador General San Martín,Argentina,jgarrett6s@edublogs.org
gphillips6t,Richmond,United States,bburton6t@tumblr.com
sburns6u,Padangulaktanding,Indonesia,jspencer6u@github.com
lhenderson6v,Bulgan,Mongolia,jrodriguez6v@state.gov
rwatson6w,Karpokhórion,Greece,kyoung6w@goo.ne.jp
rfields6x,Lamphun,Thailand,twilson6x@google.com.au
lferguson6y,Tierra Blanca,Mexico,druiz6y@soundcloud.com
mlittle6z,La Dorada,Colombia,cbarnes6z@unesco.org
jwebb70,Habingkloang,Indonesia,rschmidt70@comcast.net
ksullivan71,Hägersten,Sweden,sdean71@google.pl
asanchez72,Pishaj,Albania,jcrawford72@tmall.com
mstevens73,Pocsi,Peru,hmyers73@europa.eu
jcollins74,Kuandian,China,mrodriguez74@marriott.com
jdiaz75,Lillehammer,Norway,psimpson75@wisc.edu
sjohnston76,Mizusawa,Japan,wturner76@sfgate.com
sgarza77,Jatinagara,Indonesia,cdixon77@wikispaces.com
jwatkins78,Ké-Macina,Mali,pwhite78@dagondesign.com
jhanson79,Bolboc,Philippines,ilawson79@senate.gov
kfox7a,Patos Fshat,Albania,breynolds7a@quantcast.com
hcampbell7b,Xiaohekou,China,rcrawford7b@unesco.org
estewart7c,Kensington,Canada,rphillips7c@wikipedia.org
cjones7d,Ortigueira,Brazil,howens7d@themeforest.net
ejohnson7e,Chendian,China,jwarren7e@netscape.com
bking7f,Sibagat,Philippines,mwilliams7f@vk.com
mgilbert7g,Lebedyan’,Russia,tlopez7g@ibm.com
pcrawford7h,K’ulashi,Georgia,mhayes7h@imageshack.us
efuller7i,Orlovskiy,Russia,mharvey7i@amazon.de
mreynolds7j,Allen,Argentina,hcunningham7j@nhs.uk
kbell7k,San Pedro Masahuat,El Salvador,kowens7k@google.fr
sphillips7l,Phú Vang,Vietnam,kharper7l@omniture.com
emccoy7m,Kalpáki,Greece,vlee7m@gnu.org
acook7n,Tsowkêy,Afghanistan,jpeters7n@imageshack.us
kgreen7o,Jiuxian,China,dhill7o@reddit.com
ralexander7p,Georgiyevsk,Russia,jalvarez7p@vistaprint.com
mfernandez7q,Prainha de Baixo,Portugal,aellis7q@accuweather.com
jgreen7r,Montaigu,France,dgrant7r@xing.com
jlewis7s,Zuwārah,Libya,agraham7s@yale.edu
mphillips7t,San Clemente,Chile,jwelch7t@cornell.edu
jjacobs7u,Huqiu,China,jfox7u@google.de
klane7v,Jinhe,China,ralvarez7v@myspace.com
hrichards7w,Al Ḩawāmidīyah,Egypt,kriley7w@drupal.org
acook7x,Marcabamba,Peru,jdiaz7x@twitpic.com
dgeorge7y,Chynadiyovo,Ukraine,bevans7y@prweb.com
pcruz7z,Muleng,China,wsanders7z@discuz.net
fhoward80,Atbasar,Kazakhstan,htucker80@wisc.edu
jharrison81,Dassa-Zoumé,Benin,mmarshall81@salon.com
nperry82,Kananya,Philippines,kharrison82@cnet.com
lsullivan83,Město Albrechtice,Czech Republic,fthompson83@tamu.edu
cwheeler84,Majur,Serbia,dbrooks84@mashable.com
jgarcia85,Vilarinho das Cambas,Portugal,dmedina85@earthlink.net
thall86,Saint Paul,United States,ksimmons86@rambler.ru
aryan87,Curumaní,Colombia,jkelly87@clickbank.net
ahoward88,Genisséa,Greece,dspencer88@umich.edu
gfields89,Trondheim,Norway,hbailey89@usnews.com
rlawrence8a,Springfield,United States,tsnyder8a@mail.ru
hcunningham8b,Zhengchang,China,jscott8b@google.pl
rnichols8c,Itanhaém,Brazil,eweaver8c@chron.com
rtorres8d,Sonzacate,El Salvador,rthompson8d@wordpress.com
cryan8e,Amga,Russia,jhart8e@123-reg.co.uk
prose8f,Cosquín,Argentina,dmarshall8f@gov.uk
jarnold8g,Waekolong,Indonesia,dhansen8g@weather.com
amyers8h,Várzea,Portugal,dbradley8h@tmall.com
cjohnson8i,Gori,Georgia,trogers8i@ucoz.ru
mwagner8j,Dalaba,Guinea,rmontgomery8j@feedburner.com
lwelch8k,Baliang,China,jsnyder8k@wikimedia.org
kkelley8l,Yangmaogong,China,jhamilton8l@yahoo.co.jp
dgibson8m,Suchedniów,Poland,egarza8m@wired.com
sperkins8n,Changzhou,China,sboyd8n@yandex.ru
ahunter8o,Duri,Indonesia,jburns8o@dell.com
cduncan8p,Ghayl Bā Wazīr,Yemen,sallen8p@statcounter.com
arussell8q,Jagong,Indonesia,vboyd8q@rediff.com
sbarnes8r,Neyagawa,Japan,emorris8r@nifty.com
cmorris8s,Modakeke,Nigeria,kbanks8s@google.com
epeters8t,Rudna,Poland,rfisher8t@geocities.jp
egriffin8u,Kupang,Indonesia,bwilliams8u@flickr.com
aspencer8v,Xixia,China,ahughes8v@prlog.org
pcastillo8w,Sison,Philippines,tlee8w@unc.edu
mnelson8x,El Paso,United States,lboyd8x@seattletimes.com
sknight8y,Luwingu,Zambia,klee8y@scientificamerican.com
aroberts8z,Les Coteaux,Canada,cshaw8z@blogs.com
myoung90,Leppävirta,Finland,acarpenter90@icio.us
gwillis91,Kiên Lương,Vietnam,mjacobs91@prweb.com
relliott92,Szombathely,Hungary,wreed92@wufoo.com
pmurray93,Gutang,China,kward93@360.cn
mwarren94,Longmen,China,rfisher94@unc.edu
preyes95,San Miguel,Philippines,dromero95@networksolutions.com
dprice96,East London,South Africa,jlee96@howstuffworks.com
jwilson97,San Rafael Abajo,Costa Rica,coliver97@themeforest.net
alawson98,Vyselki,Russia,sflores98@skype.com
rsimpson99,Sepahua,Peru,jcox99@independent.co.uk
sgarrett9a,Wakiso,Uganda,redwards9a@telegraph.co.uk
bgilbert9b,Tayirove,Ukraine,tcarter9b@ycombinator.com
jpatterson9c,Qā’en,Iran,vlittle9c@mapy.cz
jreid9d,Yaté-Barrage,New Caledonia,eburns9d@vistaprint.com
nwilliamson9e,Mentaraman Satu,Indonesia,jwebb9e@pbs.org
jfields9f,Pehčevo,Macedonia,rpowell9f@msu.edu
jholmes9g,Macau,Brazil,jwelch9g@facebook.com
bboyd9h,Xijiao,China,nchapman9h@blogger.com
wthomas9i,La Dorada,Colombia,srice9i@seattletimes.com
rstevens9j,Zaoshi,China,scooper9j@wix.com
eramos9k,Mölndal,Sweden,shanson9k@hibu.com
hturner9l,Jiukou,China,ebishop9l@sphinn.com
jperry9m,Adigeni,Georgia,dgray9m@businessweek.com
hromero9n,Mayantoc,Philippines,bperkins9n@about.me
gsmith9o,Santa Clara,Mexico,rwatson9o@example.com
twarren9p,Loúros,Greece,mlane9p@shinystat.com
twallace9q,Minyue,China,lmatthews9q@wsj.com
tbishop9r,Sukadana,Indonesia,jhowell9r@economist.com
prussell9s,Cigeulis,Indonesia,jstephens9s@latimes.com
jrichards9t,Chum Phae,Thailand,khenry9t@wikimedia.org
rscott9u,Jiangchuanlu,China,rcastillo9u@springer.com
jreynolds9v,Tyrawa Wołoska,Poland,dlong9v@gravatar.com
bboyd9w,Lyon,France,cpowell9w@washington.edu
vwilliamson9x,Fangxian,China,gbishop9x@themeforest.net
mmyers9y,Qarshi,Uzbekistan,tmurphy9y@walmart.com
jnguyen9z,Bintawan,Philippines,sriley9z@topsy.com
dolivera0,Sakata,Japan,dspencera0@ow.ly
dreida1,Temara,Morocco,bsancheza1@house.gov
ddavisa2,Nao,Indonesia,sstevensa2@mac.com
bstewarta3,Nicolas Bravo,Mexico,asancheza3@wired.com
mmitchella4,Baykonyr,Kazakhstan,fbarnesa4@istockphoto.com
lwilliamsona5,Sterlibashevo,Russia,byounga5@senate.gov
mlopeza6,Mosteiros,Portugal,jhalla6@jugem.jp
rknighta7,Basak,Philippines,bduncana7@stumbleupon.com
hrosea8,Charras,Argentina,jparkera8@baidu.com
trobertsona9,Regimin,Poland,tperkinsa9@msn.com
krobinsonaa,Sangju,South Korea,mleeaa@slashdot.org
awillisab,Volary,Czech Republic,jrayab@nbcnews.com
cwestac,Jammā‘īn,Palestinian Territory,mwilliamsac@weibo.com
bcoxad,Machakos,Kenya,sjonesad@slate.com
rtaylorae,Temandangjero,Indonesia,sburkeae@walmart.com
aramirezaf,Huangben,China,mchavezaf@google.nl
sryanag,Fullerton,United States,hcarterag@t.co
kfreemanah,Nyköping,Sweden,jromeroah@nymag.com
cmatthewsai,Jadowniki,Poland,mpowellai@upenn.edu
nmorrisonaj,George Town,Bahamas,jleeaj@behance.net
dadamsak,Castanheiro do Sul,Portugal,jreyesak@trellian.com
jschmidtal,Hasaki,Japan,scoleal@bizjournals.com
mallenam,Slobodka,Russia,frobertsam@google.cn
lwoodsan,Kanashevo,Russia,tgutierrezan@oracle.com
jvasquezao,Shunling,China,ahayesao@ameblo.jp
pspencerap,Sundsvall,Sweden,mmatthewsap@yellowpages.com
lcarteraq,Cirangga Kidul,Indonesia,sfulleraq@go.com
lromeroar,Chivor,Colombia,rsmithar@techcrunch.com
ncruzas,Bokor,Indonesia,jfernandezas@miibeian.gov.cn
iwellsat,Shuangcheng,China,stuckerat@sphinn.com
gmeyerau,Moulay Bouchta,Morocco,sturnerau@sourceforge.net
lgarrettav,Górki Wielkie,Poland,khillav@cisco.com
blaneaw,Muang Long,Laos,ksnyderaw@wp.com
dgordonax,Kingston,United Kingdom,hgreeneax@yolasite.com
ahendersonay,Oskarshamn,Sweden,amorenoay@census.gov
rkennedyaz,Reno,United States,tbaileyaz@msn.com
gdayb0,Setono,Indonesia,rlittleb0@va.gov
tfoxb1,Starominskaya,Russia,jreynoldsb1@cocolog-nifty.com
ajenkinsb2,Selikhino,Russia,charveyb2@yellowbook.com
eriverab3,Sanjinquan,China,agonzalesb3@blogger.com
nfergusonb4,Harderwijk,Netherlands,kgarzab4@google.com.br
sberryb5,Blimbing,Indonesia,jyoungb5@nba.com
wjonesb6,Punta del Este,Uruguay,thicksb6@lycos.com
jruizb7,Mateur,Tunisia,jrichardsonb7@comcast.net
mgarrettb8,Obudovac,Bosnia and Herzegovina,aedwardsb8@wp.com
cgriffinb9,Khvatovka,Russia,amendozab9@pinterest.com
fhuntba,Nobeoka,Japan,creedba@wikispaces.com
vcarrollbb,Chaoyang,China,gramosbb@economist.com
ldiazbc,Karlstad,Sweden,landersonbc@scientificamerican.com
bjamesbd,Lipnik,Poland,awellsbd@shutterfly.com
cramosbe,Margotuhu Kidul,Indonesia,lgarciabe@prlog.org
jtaylorbf,Santai,China,nturnerbf@businesswire.com
lwardbg,Bacuyangan,Philippines,mbakerbg@yahoo.com
jboydbh,Kalchevaya,Ukraine,bbaileybh@zdnet.com
dmoorebi,Debe,Trinidad and Tobago,kramirezbi@globo.com
amurphybj,Jovellar,Philippines,tpowellbj@chronoengine.com
sleebk,Amarillo,United States,jfernandezbk@gravatar.com
tharveybl,Bangunsari,Indonesia,jgrahambl@npr.org
bgonzalezbm,Palaiseau,France,gpowellbm@cloudflare.com
gperkinsbn,Sihai,China,lduncanbn@mac.com
swoodbo,Beigucheng,China,pnicholsbo@nsw.gov.au
lsimsbp,Prokop’yevsk,Russia,kgrahambp@addtoany.com
mrobertsbq,Sułoszowa,Poland,rstanleybq@google.com.au
sbarnesbr,Dingchang,China,jmillsbr@alexa.com
bcolebs,Радишани,Macedonia,sfergusonbs@squidoo.com
afullerbt,Preobrazhenka,Ukraine,ehendersonbt@reuters.com
cfrazierbu,Abbottābād,Pakistan,tharrisonbu@com.com
rwillisbv,Kurye,South Korea,smatthewsbv@pcworld.com
rreynoldsbw,Várzeas,Portugal,srussellbw@360.cn
phuntbx,Kilcullen,Ireland,ifowlerbx@hc360.com
jhicksby,Itum-Kali,Russia,afranklinby@odnoklassniki.ru
bmatthewsbz,Sumberkindagan,Indonesia,arileybz@creativecommons.org
thicksc0,Honghai,China,wfieldsc0@admin.ch
cthompsonc1,Kadugede,Indonesia,ksmithc1@scientificamerican.com
tbennettc2,Mundão,Portugal,epattersonc2@booking.com
awhitec3,Dalududalu,Indonesia,djenkinsc3@networkadvertising.org
jlanec4,Henggang,China,jhicksc4@linkedin.com
wbrownc5,Santa Cecilia,Mexico,jpiercec5@chicagotribune.com
aandersonc6,Ţāmiyah,Egypt,rramirezc6@chicagotribune.com
cmorganc7,Huangbizhuang,China,njohnsonc7@zimbio.com
trossc8,Diamantino,Brazil,tcookc8@usnews.com
cfrazierc9,Yao,Japan,cfordc9@pbs.org
ljacksonca,Louguan,China,hthompsonca@mail.ru
bbowmancb,La Palma,Panama,jbowmancb@nydailynews.com
dgomezcc,Mont-Saint-Aignan,France,clewiscc@taobao.com
lgardnercd,Bakadagy,Gambia,cburtoncd@tamu.edu
wgardnerce,Shigongqiao,China,afowlerce@stumbleupon.com
hcampbellcf,Imus,Philippines,mcarpentercf@census.gov
kbakercg,Kembang,Indonesia,lwoodscg@macromedia.com
jmartinch,Huaishu,China,rfrazierch@purevolume.com
kwilliamsci,Aguas Corrientes,Uruguay,krayci@goo.gl
afernandezcj,Kirkland Lake,Canada,jcolemancj@about.me
scolemanck,Mesyagutovo,Russia,smartinck@istockphoto.com
jcarrollcl,Xiangfeng,China,ehillcl@sitemeter.com
smoralescm,Pensacola,United States,hmillercm@about.com
snicholscn,Salantai,Lithuania,kmartinezcn@wp.com
crossco,Ust’-Kachka,Russia,ecolemanco@freewebs.com
jcookcp,Gines-Patay,Philippines,vwatkinscp@mayoclinic.com
bmarshallcq,Gachancipá,Colombia,anelsoncq@google.ru
bhamiltoncr,Sīrīs,Palestinian Territory,ajohnstoncr@globo.com
hpattersoncs,Huanggang,China,kgutierrezcs@newyorker.com
mhartct,Wolin,Poland,ksnyderct@elpais.com
dbrowncu,Giado,Libya,daustincu@plala.or.jp
lcoxcv,Tagbilaran City,Philippines,jrogerscv@facebook.com
jbishopcw,Daniëlskuil,South Africa,dbishopcw@meetup.com
msimmonscx,Dinājpur,Bangladesh,rgutierrezcx@imageshack.us
spalmercy,Shuanggang,China,jleecy@ocn.ne.jp
bbennettcz,Krugersdorp,South Africa,ccarpentercz@purevolume.com
acarrolld0,Miguel Hidalgo,Mexico,criced0@youtu.be
balvarezd1,Katabu,Indonesia,dgordond1@walmart.com
tolsond2,Ciechanów,Poland,hreynoldsd2@discovery.com
wpayned3,Lazaro Cardenas,Mexico,emoralesd3@ifeng.com
sreedd4,Czerniewice,Poland,jkellyd4@bigcartel.com
jturnerd5,Mito-shi,Japan,mlittled5@spotify.com
bwarrend6,Itajubá,Brazil,gfrazierd6@topsy.com
jjenkinsd7,Arnhem,Netherlands,areidd7@ning.com
tramirezd8,Oodweyne,Somalia,hpowelld8@51.la
lramosd9,Petrovskiy,Russia,mgriffind9@bbb.org
kwilliamsonda,Labo,Philippines,colsonda@angelfire.com
tchavezdb,Ash Shuqayrah,Yemen,aharperdb@cnn.com
jcoledc,Lantian,China,cgrahamdc@thetimes.co.uk
esnyderdd,Funchalinho,Portugal,jfullerdd@guardian.co.uk
lnicholsde,Bontang,Indonesia,ecooperde@narod.ru
framosdf,Gandajika,Democratic Republic of the Congo,awilliamsdf@macromedia.com
mharrisdg,Cassilândia,Brazil,bevansdg@devhub.com
ljacksondh,Sexmoan,Philippines,lwilsondh@wikia.com
sfieldsdi,Baishi,China,cpalmerdi@goo.ne.jp
jstewartdj,Calgary,Canada,tcarrdj@hhs.gov
lmyersdk,Houxixi,China,dmontgomerydk@omniture.com
swatkinsdl,Singosari,Indonesia,aoliverdl@scribd.com
jduncandm,Malasin,Philippines,rgarciadm@comsenz.com
jholmesdn,Stockholm,Sweden,epattersondn@jigsy.com
lrobinsondo,Quintas,Portugal,aholmesdo@mlb.com
scooperdp,Salto,Argentina,cwellsdp@posterous.com
sramosdq,Caldono,Colombia,bhicksdq@mayoclinic.com
sharrisdr,Zemlyansk,Russia,showelldr@51.la
sreyesds,Troparëvo,Russia,twebbds@who.int
dromerodt,Guinsadan,Philippines,ksimmonsdt@un.org
jraydu,Huixing,China,lwilliamsondu@boston.com
jfosterdv,Outeiro,Portugal,cmontgomerydv@cdbaby.com
jjacksondw,Novoselec,Croatia,gwilsondw@barnesandnoble.com
sstevensdx,Zhenping Chengguanzhen,China,gbanksdx@fc2.com
fpalmerdy,Göteborg,Sweden,colsondy@devhub.com
dmillsdz,Houxiang,China,bspencerdz@aol.com
skinge0,Şuwayr,Yemen,tlawrencee0@accuweather.com
sgeorgee1,La Esperanza,Peru,kolsone1@cisco.com
cgriffine2,Rancakole,Indonesia,jwebbe2@ning.com
jmillse3,Buchach,Ukraine,jhernandeze3@4shared.com
tmasone4,Mariano Moreno,Argentina,kbowmane4@odnoklassniki.ru
kperrye5,Sanyi,China,ccoxe5@amazonaws.com
lmeyere6,Berezne,Ukraine,jlynche6@mtv.com
jhickse7,Pereyaslav-Khmel’nyts’kyy,Ukraine,kblacke7@jigsy.com
fhowelle8,Marulanda,Colombia,clanee8@tiny.cc
dgonzalese9,Ningyuan,China,mrusselle9@tuttocitta.it
lpayneea,Gayam,Indonesia,tjohnsonea@linkedin.com
promeroeb,Gorzów Wielkopolski,Poland,afostereb@ebay.co.uk
jjordanec,Banjar Timbrah,Indonesia,ekimec@jugem.jp
jlopezed,Maquiapo,Philippines,hgreened@uiuc.edu
aperkinsee,Matur,Indonesia,dnguyenee@hugedomains.com
ccampbellef,Paracatu,Brazil,mbakeref@wsj.com
pstewarteg,Xiangrong,China,sgibsoneg@dyndns.org
lcunninghameh,Kuantian,China,awarreneh@typepad.com
etorresei,Watuagung,Indonesia,rcolemanei@networksolutions.com
kgomezej,Rosebank,South Africa,hadamsej@ibm.com
rhamiltonek,Tlumach,Ukraine,wtuckerek@prlog.org
dwilsonel,Skhodnya,Russia,ebutlerel@theglobeandmail.com
rholmesem,Miaoquan,China,nstewartem@gnu.org
carnolden,Paris 09,France,fmasonen@ca.gov
jbankseo,Cibolang,Indonesia,speterseo@washington.edu
kburtonep,Mahdalynivka,Ukraine,ihernandezep@thetimes.co.uk
afranklineq,Astara,Azerbaijan,dchavezeq@qq.com
pcunninghamer,Lac-Mégantic,Canada,gjacksoner@europa.eu
rsimses,Minzheng,China,jgutierrezes@businessinsider.com
shudsonet,Shardara,Kazakhstan,nfrazieret@ucla.edu
ssanchezeu,Vila Nova de Milfontes,Portugal,mfloreseu@usda.gov
pwoodev,Matayumtayum,Philippines,vgardnerev@google.it
btorresew,Muzambinho,Brazil,rbrownew@paginegialle.it
ggrahamex,Pingshanhu,China,rlongex@prlog.org
dbennettey,Yepocapa,Guatemala,rhilley@phoca.cz
ssanchezez,Lalupon,Nigeria,kgibsonez@comcast.net
cmorganf0,Lũng Hồ,Vietnam,jsnyderf0@discovery.com
gpowellf1,Canindé,Brazil,rlewisf1@microsoft.com
jmoralesf2,Viraco,Peru,kmillsf2@cnet.com
dedwardsf3,La Soledad,Mexico,jbaileyf3@hubpages.com
kpalmerf4,Smyga,Ukraine,gevansf4@tuttocitta.it
bkimf5,Cayara,Peru,blanef5@slate.com
vhawkinsf6,Mosina,Poland,jjacobsf6@java.com
jjonesf7,La Libertad,Honduras,kellisf7@narod.ru
schapmanf8,Serra de Água,Portugal,jbellf8@nytimes.com
saustinf9,Sémbé,Republic of the Congo,kandersonf9@yellowbook.com
erogersfa,Rezovac,Croatia,lbrownfa@fastcompany.com
krobertsonfb,Puerto Plata,Dominican Republic,jbaileyfb@typepad.com
pmorrisfc,Nor Gyugh,Armenia,awatsonfc@canalblog.com
kpowellfd,Magisterial,Mexico,sfieldsfd@quantcast.com
abowmanfe,Linköping,Sweden,bturnerfe@bigcartel.com
vhallff,São Marcos,Brazil,jsanchezff@etsy.com
hbishopfg,San José de Mayo,Uruguay,fgordonfg@paypal.com
sjenkinsfh,Santa Rosa,Ecuador,jleefh@bloglovin.com
dcolemanfi,Byera Village,Saint Vincent and the Grenadines,dperkinsfi@zimbio.com
sstonefj,Bang Khon Thi,Thailand,jcruzfj@jimdo.com
rgomezfk,Duy Xuyên,Vietnam,gharrisonfk@phoca.cz
kburnsfl,Leipsoí,Greece,dclarkfl@stanford.edu
sthomasfm,Porangatu,Brazil,jknightfm@tripod.com
jpaynefn,Melaka,Malaysia,jwebbfn@nature.com
ngrahamfo,Guanghou,China,wperezfo@netvibes.com
mgardnerfp,Paris 06,France,ahughesfp@google.es
dbishopfq,Laoliangcang,China,blanefq@auda.org.au
rmatthewsfr,Melaka,Malaysia,vmitchellfr@tumblr.com
rbakerfs,Luzino,Poland,lgarrettfs@gnu.org
jwheelerft,Sukorejo,Indonesia,esandersft@google.co.uk
twilliamsonfu,Matsubara,Japan,mgreenfu@cbc.ca
rtuckerfv,Kuštilj,Serbia,djonesfv@opensource.org
hevansfw,Tahilt,Mongolia,swelchfw@amazon.co.uk
eevansfx,Ungsang,South Korea,kspencerfx@bloglovin.com
hgarciafy,Fatukanutu,Indonesia,revansfy@diigo.com
ahansonfz,Negombo,Sri Lanka,parnoldfz@jiathis.com
jwellsg0,Pionerskiy,Russia,jwarreng0@imgur.com
arobertsg1,Tsagaandörvölj,Mongolia,cthompsong1@phoca.cz
kmarting2,Chernyshkovskiy,Russia,gromerog2@pagesperso-orange.fr
rkellyg3,Kungsbacka,Sweden,twallaceg3@cisco.com
kgarzag4,Dohār,Bangladesh,jpetersg4@imgur.com
jwardg5,Nazarje,Slovenia,rburtong5@tiny.cc
hfoxg6,Pameungpeuk,Indonesia,amarting6@nbcnews.com
kwelchg7,Perstorp,Sweden,cclarkg7@123-reg.co.uk
jmurphyg8,Liuzu,China,dgarrettg8@berkeley.edu
hsimmonsg9,As Sūq al Jadīd,Yemen,jlynchg9@cafepress.com
hcarrga,Portel,Brazil,jmurphyga@posterous.com
ssmithgb,Köln,Germany,ehughesgb@twitter.com
fgomezgc,Duqiong,China,ebishopgc@ovh.net
mbennettgd,Krajan Srigonco,Indonesia,cnicholsgd@theglobeandmail.com
kdixonge,Morelos,Mexico,tgardnerge@adobe.com
jrodriguezgf,Roma,Italy,enicholsgf@dell.com
rsandersgg,Kubangwaru,Indonesia,cmorrisgg@facebook.com
dfullergh,Oksa,Poland,jharveygh@slate.com
ghowellgi,Pustomyty,Ukraine,pmedinagi@home.pl
mevansgj,Södra Sandby,Sweden,abellgj@xrea.com
lbrooksgk,Al Jahrā’,Kuwait,alawsongk@arizona.edu
gruizgl,Luoshan,China,pcollinsgl@imageshack.us
plynchgm,Minūf,Egypt,dgreenegm@domainmarket.com
tcartergn,Xiaoshan,China,bgordongn@issuu.com
kbowmango,Ciudad Barrios,El Salvador,wlynchgo@ovh.net
lhuntgp,Davao,Philippines,jreyesgp@jigsy.com
adunngq,Davila,Philippines,jramirezgq@google.com.au
gbarnesgr,Macroom,Ireland,ahansengr@cnet.com
jgordongs,Zmiyëvka,Russia,aalvarezgs@stumbleupon.com
jgonzalesgt,Shangdongjie,China,drobertsongt@com.com
bricegu,Oskarshamn,Sweden,amillsgu@people.com.cn
nmontgomerygv,Cipinang,Indonesia,ejordangv@vkontakte.ru
mmurraygw,Hongqiao,China,cmurphygw@amazonaws.com
jschmidtgx,Pachīr wa Āgām,Afghanistan,lfraziergx@va.gov
wbowmangy,Batroûn,Lebanon,jjamesgy@sogou.com
knelsongz,Santa Ana,Venezuela,vcoxgz@posterous.com
rknighth0,Atlanta,United States,jharth0@samsung.com
bjonesh1,Garoua Boulaï,Cameroon,ebellh1@virginia.edu
ebishoph2,General Lavalle,Argentina,epierceh2@altervista.org
ajenkinsh3,San Andres,Philippines,dcampbellh3@buzzfeed.com
nvasquezh4,Pomacocha,Peru,wgardnerh4@homestead.com
ewilliamsh5,Tukhlya,Ukraine,jfoxh5@ed.gov
jcoxh6,Trojanów,Poland,dpattersonh6@sciencedirect.com
jmartinh7,Saint-Louis du Sud,Haiti,pstanleyh7@storify.com
hchapmanh8,Halayhayin,Philippines,kwoodh8@ihg.com
mreidh9,Sampaloc,Philippines,vclarkh9@globo.com
dmitchellha,Nizhneivkino,Russia,jhunterha@blogspot.com
jlawrencehb,Otaniemi,Finland,pstevenshb@about.me
jbrownhc,Lingkou,China,tbankshc@cnbc.com
lgriffinhd,San Cristóbal Totonicapán,Guatemala,sfrazierhd@jalbum.net
wcolehe,Mulhouse,France,mfergusonhe@google.ru
awrighthf,Matamey,Niger,dromerohf@scribd.com
lstephenshg,Magisterial,Mexico,jburtonhg@webeden.co.uk
rjacobshh,Luftinjë,Albania,alawsonhh@latimes.com
msimmonshi,Caluquembe,Angola,mmccoyhi@dot.gov
rmatthewshj,Ufimskiy,Russia,pmccoyhj@discovery.com
arogershk,Mýki,Greece,ewagnerhk@bloglines.com
ljacobshl,Xin’e,China,jandersonhl@ezinearticles.com
ebellhm,Sukorejo,Indonesia,ckinghm@google.ca
ablackhn,Fengqiao,China,agrahamhn@themeforest.net
kbowmanho,Tabu,Philippines,jsimmonsho@umn.edu
mfergusonhp,Oslo,Norway,lwesthp@symantec.com
jbowmanhq,Dongting,China,brogershq@yellowpages.com
kricehr,Louveira,Brazil,smoorehr@nydailynews.com
hrileyhs,Washington,United States,gmartinhs@mashable.com
jhuntht,Białogard,Poland,rberryht@imgur.com
lharrishu,Dolores,Nicaragua,tharthu@senate.gov
holsonhv,Cárdenas,Cuba,tbrownhv@4shared.com
maustinhw,Colorado Springs,United States,pcastillohw@twitter.com
ariverahx,Lizhai,China,tbellhx@php.net
hhugheshy,Dingjiayao,China,cwilliamsonhy@facebook.com
ahowellhz,Savalou,Benin,jrayhz@technorati.com
hhowelli0,Novotitarovskaya,Russia,phayesi0@networkadvertising.org
mdavisi1,Graz,Austria,rbaileyi1@kickstarter.com
rhayesi2,Kyzyl-Kyya,Kyrgyzstan,ccarri2@dyndns.org
adixoni3,Aku,Nigeria,dpalmeri3@w3.org
calexanderi4,Labelle,Canada,dadamsi4@nsw.gov.au
kmendozai5,Cishangang,China,swrighti5@ehow.com
jbutleri6,Carmen,Philippines,tspenceri6@mapquest.com
cmoorei7,Sơn Hà,Vietnam,rpowelli7@etsy.com
jporteri8,Huurch,Mongolia,jgordoni8@qq.com
mjenkinsi9,Jenang Selatan,Indonesia,dfieldsi9@eventbrite.com
fwatkinsia,Pansoy,Philippines,gjamesia@ehow.com
tmeyerib,Chwaszczyno,Poland,jgeorgeib@marriott.com
rhudsonic,Ribnica na Pohorju,Slovenia,amurrayic@abc.net.au
jwoodid,Bangbayang,Indonesia,ijacobsid@opera.com
jbaileyie,Gabrovo,Bulgaria,jelliottie@state.tx.us
nmontgomeryif,Marshintsy,Ukraine,hwalkerif@desdev.cn
dperryig,Babakantonggoh,Indonesia,jfordig@wikia.com
fgomezih,Liujia,China,nharperih@wordpress.org
lelliottii,Dongming,China,ataylorii@cornell.edu
mbellij,Końskowola,Poland,ecarrollij@163.com
mrayik,Sambungjaya,Indonesia,rcolemanik@spotify.com
acolemanil,Yongping,China,cyoungil@yelp.com
rwhiteim,Póvoa,Portugal,rwhiteim@dagondesign.com
mwallacein,Muslyumovo,Russia,awatkinsin@bing.com
jgibsonio,Naran Bulag,China,shartio@google.pl
swashingtonip,San Rafael del Sur,Nicaragua,hramosip@scribd.com
byoungiq,Kukichūō,Japan,pbakeriq@myspace.com
agrayir,Shahumyan,Armenia,jhamiltonir@wikipedia.org
spriceis,Kangān,Iran,tcarpenteris@canalblog.com
arobertsit,Fengmu,China,dperkinsit@boston.com
mparkeriu,Rawaapu,Indonesia,cmilleriu@businesswire.com
brusselliv,Arboga,Sweden,lthompsoniv@wikispaces.com
agreeniw,Rislane,Morocco,fmyersiw@irs.gov
pjenkinsix,Kropachëvo,Russia,ahicksix@xinhuanet.com
esandersiy,Leifeng,China,hwilsoniy@lycos.com
estanleyiz,El Bauga,Sudan,nleeiz@miitbeian.gov.cn
jrobertsj0,Gongrong,China,lsnyderj0@vistaprint.com
aburnsj1,Viçosa,Brazil,apetersj1@google.ca
jmontgomeryj2,Semirara,Philippines,lbutlerj2@telegraph.co.uk
cgardnerj3,Dístomo,Greece,charveyj3@psu.edu
jmorrisj4,Galátsi,Greece,sburtonj4@zimbio.com
vwebbj5,Malbug,Philippines,mfordj5@cornell.edu
wweaverj6,Tanzybey,Russia,thallj6@hatena.ne.jp
dlewisj7,Ílion,Greece,bweaverj7@statcounter.com
jweaverj8,Buenavista,Mexico,erileyj8@ftc.gov
phillj9,Okcheon,South Korea,ksmithj9@dot.gov
fgordonja,Al Mazzūnah,Tunisia,jwashingtonja@addtoany.com
bevansjb,Capitán Sarmiento,Argentina,agriffinjb@comsenz.com
hhowelljc,Gengqing,China,ljonesjc@tripod.com
ahughesjd,Kašina,Croatia,arossjd@theguardian.com
agardnerje,Luanshya,Zambia,dfosterje@nhs.uk
dwagnerjf,Halimpu,Indonesia,dmendozajf@msn.com
vperezjg,Lukou,China,emorganjg@nationalgeographic.com
cmontgomeryjh,Brejoeira,Portugal,mwalkerjh@tuttocitta.it
egordonji,Umeå,Sweden,tkingji@example.com
ralexanderjj,Iquique,Chile,jrobertsjj@live.com
arusselljk,Huaranchal,Peru,vwebbjk@360.cn
ksullivanjl,Sarankhola,Bangladesh,csimmonsjl@ox.ac.uk
rwilsonjm,Xinyang,China,aharrisjm@wunderground.com
adavisjn,Bayonne,France,rmartinezjn@list-manage.com
cbryantjo,Hengjing,China,cowensjo@cmu.edu
kmasonjp,Arnhem,Netherlands,jarmstrongjp@cocolog-nifty.com
jkelleyjq,Moulins,France,acoxjq@vinaora.com
pelliottjr,Lidong,China,asullivanjr@dedecms.com
slopezjs,El Triunfo,Honduras,shawkinsjs@toplist.cz
jrodriguezjt,Yegorlykskaya,Russia,jpowelljt@reddit.com
ekennedyju,Palca,Peru,dthompsonju@cdbaby.com
rmyersjv,Balibago,Philippines,jharperjv@cornell.edu
kwillisjw,Myski,Russia,avasquezjw@ning.com
jevansjx,Kapuskasing,Canada,fsandersjx@hc360.com
tramosjy,Cruzília,Brazil,abrooksjy@yahoo.co.jp
mwestjz,Daye,China,jmoorejz@mayoclinic.com
jsullivank0,Mnelalete,Indonesia,cmoralesk0@google.co.uk
cbarnesk1,Hudiksvall,Sweden,mpetersonk1@ebay.com
agreenek2,Cochabamba,Peru,tarnoldk2@weebly.com
brobertsk3,Cầu Giát,Vietnam,jmorgank3@cbslocal.com
egilbertk4,Zhatay,Russia,pwoodsk4@oaic.gov.au
jscottk5,Riofrío,Colombia,tsullivank5@sciencedaily.com
kthomask6,Xinzhuang,China,cfreemank6@ask.com
dboydk7,Liuzu,China,doliverk7@berkeley.edu
gpalmerk8,São João Nepomuceno,Brazil,nkelleyk8@wikipedia.org
jgreenk9,Sukadana,Indonesia,acollinsk9@weebly.com
tsimska,Gobernador Gálvez,Argentina,phendersonka@scribd.com
pharriskb,Soissons,France,dbarneskb@cafepress.com
fgarzakc,Makhalino,Russia,apricekc@icio.us
jrussellkd,El Arañado,Argentina,dtorreskd@yandex.ru
spriceke,Padangcermin,Indonesia,snguyenke@multiply.com
mtaylorkf,Sukabumi,Indonesia,clewiskf@imdb.com
nowenskg,Kaynardzha,Bulgaria,cmartinezkg@spiegel.de
scolemankh,Labuhantanggabesar,Indonesia,agilbertkh@trellian.com
sboydki,Birendranagar,Nepal,abowmanki@nydailynews.com
awatsonkj,Idvor,Serbia,jmccoykj@blogger.com
bvasquezkk,Yongyang,China,wbrownkk@wordpress.org
cjohnstonkl,La Montañita,Colombia,lbryantkl@lulu.com
bjohnstonkm,Tambo,Peru,hdaykm@moonfruit.com
efordkn,Promna,Poland,cfosterkn@lycos.com
pfloresko,San Gabriel,Ecuador,jsanchezko@livejournal.com
tholmeskp,Brooklyn,New Zealand,dporterkp@telegraph.co.uk
chamiltonkq,Umpak,Indonesia,hmillskq@ftc.gov
jpalmerkr,Macas,Ecuador,kfieldskr@cargocollective.com
lmcdonaldks,Caen,France,hrobertsks@forbes.com
jwallacekt,Bogojevo,Serbia,kpattersonkt@macromedia.com
hknightku,Mori,Japan,eharveyku@cargocollective.com
rricekv,La Calera,Argentina,agarzakv@samsung.com
hsimpsonkw,Zhangjiawo,China,jholmeskw@un.org
gjohnsonkx,Matsue-shi,Japan,storreskx@icq.com
kwhiteky,Sanxiang,China,mcarpenterky@gravatar.com
bbellkz,Kundung,Indonesia,rnelsonkz@usnews.com
jcarterl0,Baishi,China,hwalkerl0@biglobe.ne.jp
sjenkinsl1,Kuching,Malaysia,jmillerl1@amazon.co.jp
bjohnstonl2,Korem,Ethiopia,afernandezl2@php.net
cgomezl3,Quixeramobim,Brazil,jhernandezl3@bizjournals.com
lcollinsl4,Baleber,Indonesia,mcampbelll4@go.com
jfisherl5,Heka,China,dwatkinsl5@blog.com
kbowmanl6,San Pedro One,Philippines,awallacel6@mac.com
rwallacel7,Liuxiang,China,fhilll7@joomla.org
rgordonl8,Gastoúni,Greece,jmendozal8@ihg.com
dbrooksl9,Loma Bonita,Mexico,tandersonl9@wikipedia.org
kkellyla,Karkkila,Finland,apalmerla@de.vu
ptorreslb,Werbkowice,Poland,blewislb@cbsnews.com
jhenrylc,Patrocínio,Brazil,bbelllc@ehow.com
jwatkinsld,Bogra,Bangladesh,adavisld@xinhuanet.com
jboydle,Zhoutian,China,dpricele@privacy.gov.au
barmstronglf,La Palma,Panama,rgilbertlf@google.de
tdixonlg,Sacramento,United States,dandersonlg@ameblo.jp
rtuckerlh,Novi Slankamen,Serbia,kroselh@barnesandnoble.com
rrobertsli,Zmiyëvka,Russia,djacobsli@quantcast.com
sandersonlj,Ducheng,China,mnelsonlj@theglobeandmail.com
mhayeslk,Sinarbakti,Indonesia,jhenrylk@usgs.gov
nbryantll,Krasnogorskoye,Russia,hphillipsll@cyberchimps.com
rgonzalezlm,Holýšov,Czech Republic,kmyerslm@wisc.edu
mgriffinln,Dapeng,China,rlaneln@friendfeed.com
ppricelo,Bralin,Poland,bwashingtonlo@ifeng.com
srosslp,Landvetter,Sweden,asimpsonlp@chronoengine.com
rstanleylq,Roshal’,Russia,bwatsonlq@unesco.org
jcoxlr,Blois,France,jellislr@nationalgeographic.com
malexanderls,Fubin,China,hadamsls@slideshare.net
pgarrettlt,Lilin Satu,Indonesia,jwhitelt@oaic.gov.au
jolsonlu,Chaka,China,sgomezlu@twitter.com
gperrylv,Delson,Canada,pjoneslv@pinterest.com
jfrazierlw,Markušica,Croatia,rbradleylw@springer.com
cwagnerlx,Bokani,Nigeria,ajohnsonlx@histats.com
ckellyly,Yuantan,China,rmurrayly@prweb.com
dstonelz,Shah Alam,Malaysia,fhartlz@ifeng.com
aharveym0,Laranganglintong,Indonesia,elawsonm0@etsy.com
hmendozam1,Banatsko Veliko Selo,Serbia,eraym1@bloomberg.com
bortizm2,Kon Dơng,Vietnam,gcunninghamm2@webmd.com
jjenkinsm3,Nonsan,South Korea,jlarsonm3@kickstarter.com
rwardm4,Taytay,Philippines,rhartm4@shutterfly.com
gedwardsm5,Stráž,Czech Republic,polsonm5@networkadvertising.org
araym6,Clermont-Ferrand,France,rkennedym6@behance.net
rgutierrezm7,Twardawa,Poland,astanleym7@ted.com
lgardnerm8,Vierzon,France,wstevensm8@cyberchimps.com
fbishopm9,Grand Rapids,United States,dmatthewsm9@squarespace.com
khowardma,Buan,Philippines,bsanchezma@weebly.com
khansonmb,San Remigio,Philippines,msmithmb@51.la
jlongmc,New York City,United States,ecoxmc@abc.net.au
ccolemanmd,Lidköping,Sweden,jevansmd@lycos.com
tpriceme,Futu,China,bknightme@goo.gl
pburnsmf,Jastrowie,Poland,twoodsmf@buzzfeed.com
jspencermg,Chwałowice,Poland,pwilliamsonmg@diigo.com
iperezmh,Dūkštas,Lithuania,dkennedymh@booking.com
kburtonmi,Foxrock,Ireland,marnoldmi@marriott.com
kgonzalezmj,Litian,China,jburkemj@statcounter.com
cnicholsmk,Somorpenang,Indonesia,skimmk@patch.com
areidml,Masaran,Indonesia,rwoodml@prweb.com
bwellsmm,København,Denmark,bgriffinmm@wix.com
sandersonmn,Gibara,Cuba,cfieldsmn@imdb.com
shendersonmo,San Cristóbal Cucho,Guatemala,ethompsonmo@soundcloud.com
fjenkinsmp,Weixin,China,kfergusonmp@fc2.com
llawsonmq,Shiguai,China,jstephensmq@yale.edu
lbrownmr,Khadyzhensk,Russia,shenrymr@nymag.com
ppattersonms,San Onofre,Colombia,cperkinsms@google.es
bstephensmt,Kandang Timur,Indonesia,llewismt@time.com
ewallacemu,Sabana de Parra,Venezuela,jandrewsmu@pagesperso-orange.fr
jhowardmv,Zoumaping,China,nwalkermv@flickr.com
cbowmanmw,Kapinango,Indonesia,dwebbmw@mozilla.org
rpetersonmx,El Mida,Tunisia,scoxmx@google.pl
jricemy,Pelem,Indonesia,ddaymy@uiuc.edu
hmendozamz,Quintã,Portugal,jalexandermz@wikipedia.org
ntaylorn0,Yalagüina,Nicaragua,dwillisn0@ted.com
jcolemann1,Port Erin,Isle of Man,bmorrisn1@yellowpages.com
mcruzn2,Lampari,Philippines,aricen2@scribd.com
ekingn3,San Cristóbal Verapaz,Guatemala,abryantn3@about.com
rjohnsonn4,Gongjiahe,China,wsimmonsn4@dagondesign.com
jmooren5,Bipolo,Indonesia,hmorrisonn5@flickr.com
jnguyenn6,Hongqi,China,bmartinn6@amazon.co.uk
mkimn7,Hadyach,Ukraine,aandrewsn7@webeden.co.uk
bhartn8,Kiukainen,Finland,jhuntn8@csmonitor.com
jphillipsn9,Vizal San Pablo,Philippines,dwrightn9@domainmarket.com
bwheelerna,Harhorin,Mongolia,bharveyna@sohu.com
nsmithnb,Cabra Figa,Portugal,jhicksnb@nydailynews.com
hmcdonaldnc,Cesson,France,vbanksnc@themeforest.net
jshawnd,Zongjia,China,jperkinsnd@europa.eu
jchavezne,Chorotis,Argentina,rscottne@amazon.co.uk
ascottnf,Zhongling,China,jrobertsonnf@va.gov
lgarrettng,Dongshe,China,ttuckerng@g.co
lwatsonnh,Békéscsaba,Hungary,lhillnh@pinterest.com
emillerni,Hägersten,Sweden,arodriguezni@ftc.gov
mwoodsnj,Stenungsund,Sweden,pscottnj@ucoz.ru
jmorenonk,Angkahgede,Indonesia,dmillernk@huffingtonpost.com
lwebbnl,Khok Charoen,Thailand,rpattersonnl@slate.com
jlittlenm,Lucija,Slovenia,prussellnm@cornell.edu
tpetersnn,Vällingby,Sweden,mnelsonnn@domainmarket.com
rgordonno,Shengli,China,agrayno@businessweek.com
pburkenp,Huashan,China,bharrisonnp@goo.ne.jp
apetersnq,Pringgoboyo,Indonesia,triveranq@over-blog.com
nfergusonnr,Paprotnia,Poland,jfoxnr@histats.com
ewashingtonns,Wichian Buri,Thailand,ghayesns@prnewswire.com
aramosnt,Xinzhuang,China,jdixonnt@cocolog-nifty.com
dmyersnu,Pirapozinho,Brazil,istonenu@imdb.com
khowardnv,Kanshan,China,trosenv@wordpress.org
dmccoynw,Arboga,Sweden,hgreennw@usatoday.com
jmorrisnx,Ituverava,Brazil,ndavisnx@nymag.com
chowellny,Zamboanga,Philippines,ahayesny@boston.com
jcarternz,Shangma,China,jstanleynz@engadget.com
jhugheso0,Uppsala,Sweden,ccunninghamo0@dyndns.org
mkimo1,Smedjebacken,Sweden,cmarshallo1@mediafire.com
mthompsono2,Energodar,Ukraine,charveyo2@cnet.com
jrayo3,Tegalagung,Indonesia,skingo3@jalbum.net
asimso4,Tulungagung,Indonesia,sbrowno4@columbia.edu
jstoneo5,Thị Trấn Cẩm Thủy,Vietnam,msanchezo5@youku.com
rsimpsono6,Zhushan Chengguanzhen,China,hjohnsono6@loc.gov
clawrenceo7,Kaélé,Cameroon,eclarko7@ustream.tv
gmorgano8,Sruki,Indonesia,wturnero8@ucla.edu
arogerso9,Paleran,Indonesia,npowello9@macromedia.com
csnyderoa,Owen Sound,Canada,cowensoa@skyrock.com
bphillipsob,Áyios Yeóryios,Greece,nbrooksob@youtu.be
dshawoc,Longhe,China,chayesoc@google.ca
dbrownod,Mosoc Llacta,Peru,lbishopod@dailymail.co.uk
estevensoe,Brak,Indonesia,lgomezoe@prnewswire.com
jlongof,Ronneby,Sweden,sscottof@php.net
tsimsog,Labelle,Canada,bharveyog@diigo.com
mhawkinsoh,Kosmach,Ukraine,rhuntoh@parallels.com
sgonzalezoi,Dumalneg,Philippines,rarnoldoi@wp.com
joliveroj,Kauran,Philippines,pfergusonoj@gmpg.org
molsonok,Giồng Riềng,Vietnam,lharperok@ebay.com
jmurphyol,Lý Sơn,Vietnam,jmurrayol@alibaba.com
kholmesom,Kamionka Wielka,Poland,palexanderom@cam.ac.uk
sandersonon,Leudelange,Luxembourg,awatkinson@scribd.com
cstewartoo,Zelenodolsk,Russia,pbrooksoo@howstuffworks.com
rbennettop,Vargas,Philippines,rwebbop@canalblog.com
rtorresoq,Caleta Cruz,Peru,vmurphyoq@pagesperso-orange.fr
rwarrenor,El Aguacate,Mexico,druizor@samsung.com
jstanleyos,Kostinbrod,Bulgaria,llittleos@engadget.com
tnelsonot,Mingshui,China,awellsot@homestead.com
tfloresou,Sladna,Bosnia and Herzegovina,dfosterou@list-manage.com
jhansonov,Cilolohan,Indonesia,hmorrisov@eepurl.com
jlawrenceow,Tongzi,China,rmedinaow@usatoday.com
mcollinsox,Wuci,China,slopezox@ifeng.com
jrobertsonoy,Chowki Jamali,Pakistan,llawsonoy@spiegel.de
jmurphyoz,Wysoka,Poland,ttorresoz@acquirethisname.com
druizp0,Taozixi,China,sricep0@twitpic.com
creedp1,Bobigny,France,sbowmanp1@walmart.com
gphillipsp2,Nizhniy Kurkuzhin,Russia,jmoralesp2@webnode.com
jcruzp3,Gotputuk,Indonesia,djonesp3@bloglovin.com
lwarrenp4,Gavião,Portugal,jgrantp4@bloglines.com
jhicksp5,Nizhniy Kislyay,Russia,sdeanp5@patch.com
rdayp6,Warungtanjung,Indonesia,mandrewsp6@myspace.com
dkellyp7,San Marcos,Mexico,sfoxp7@dedecms.com
bbanksp8,Guleluke,China,plopezp8@europa.eu
tcolep9,Tsiroanomandidy,Madagascar,swashingtonp9@hc360.com
jreynoldspa,Labrador,Philippines,abutlerpa@ox.ac.uk
jortizpb,Baranów,Poland,dwrightpb@mail.ru
jmasonpc,Belköl,Kazakhstan,arobertsonpc@businessinsider.com
jrobertspd,Poroshkovo,Ukraine,pramirezpd@about.me
pmatthewspe,Borovan,Bulgaria,roliverpe@bloglovin.com
dmurphypf,Haljala,Estonia,swhitepf@wordpress.org
nhayespg,Pital,Costa Rica,cwheelerpg@newsvine.com
cgardnerph,Kuala Bhee,Indonesia,espencerph@gmpg.org
nmoorepi,Budapest,Hungary,pperkinspi@goodreads.com
lrichardsonpj,Tamiso,Philippines,tstewartpj@gnu.org
cgomezpk,Sosnovka,Russia,lburtonpk@biblegateway.com
tharveypl,Salgar,Colombia,bfergusonpl@engadget.com
tortizpm,Извор,Macedonia,tgrantpm@seattletimes.com
avasquezpn,Souto do Meio,Portugal,nhenrypn@ustream.tv
mwebbpo,Dazhongzhuang,China,rraypo@amazon.co.uk
jhowardpp,Sharga,Mongolia,anelsonpp@dailymotion.com
aholmespq,Hengshui,China,vweaverpq@gizmodo.com
vchavezpr,Daliu,China,mwatsonpr@wix.com
dlynchps,Iganga,Uganda,wchapmanps@bloomberg.com
jhunterpt,Qukës-Skënderbe,Albania,nturnerpt@youtube.com
jraypu,Capissayan Sur,Philippines,kharveypu@wufoo.com
jmurraypv,Sezemice,Czech Republic,bhenrypv@creativecommons.org
arobertspw,Islāmkot,Pakistan,twhitepw@whitehouse.gov
gfranklinpx,Quanxi,China,jcastillopx@mozilla.org
lwagnerpy,Selenicë,Albania,jgordonpy@vk.com
aleepz,Bell Ville,Argentina,swallacepz@thetimes.co.uk
smorrisq0,Shunling,China,ldayq0@ucoz.com
wriveraq1,Luwu,China,jhuntq1@pbs.org
melliottq2,Guoyuan,China,hgrantq2@springer.com
pmitchellq3,Belsh,Albania,pwarrenq3@instagram.com
crodriguezq4,Wurno,Nigeria,jgrantq4@slashdot.org
jstanleyq5,Port Louis,Mauritius,ggrahamq5@ucoz.com
mkingq6,Yong’an,China,tfrazierq6@kickstarter.com
ehansonq7,Urjala,Finland,mjohnstonq7@dailymotion.com
preynoldsq8,Vodyane,Ukraine,jpowellq8@pcworld.com
mgreeneq9,San Teodoro,Philippines,khansonq9@cyberchimps.com
vwheelerqa,Khasht’arrak,Armenia,jgreenqa@state.gov
sturnerqb,Pasirjaya,Indonesia,wrayqb@hp.com
ddanielsqc,Recife,Brazil,welliottqc@shareasale.com
lhowellqd,San Rafael,Philippines,smoralesqd@furl.net
jmarshallqe,Dahu Satu,Indonesia,ibrownqe@simplemachines.org
cknightqf,Paso de Carrasco,Uruguay,rbutlerqf@linkedin.com
gwoodsqg,Miaotang,China,scoleqg@unblog.fr
chicksqh,El Aïoun,Morocco,ariceqh@msn.com
rparkerqi,Duvergé,Dominican Republic,cbryantqi@tinyurl.com
rkennedyqj,Dazhangzhuang,China,vfergusonqj@xing.com
pwatkinsqk,Hongqi,China,rsimmonsqk@cpanel.net
smurphyql,Whittlesea,South Africa,mmatthewsql@soundcloud.com
mnicholsqm,Wengang,China,rcollinsqm@businessinsider.com
rgrahamqn,Xiaopu,China,rmartinezqn@europa.eu
rdixonqo,Bautista,Philippines,bhansenqo@51.la
eboydqp,Neglasari,Indonesia,baustinqp@icio.us
jaustinqq,Boston,United States,smorrisqq@plala.or.jp
jfullerqr,Rinang,China,awilliamsqr@seesaa.net
sgordonqs,Luhansk,Ukraine,tblackqs@earthlink.net
cgriffinqt,Haikoudajie,China,cgreeneqt@elpais.com
arogersqu,Ternovka,Russia,mblackqu@istockphoto.com
iarnoldqv,Zaoxi,China,jmyersqv@google.co.uk
mruizqw,Paris 20,France,csanchezqw@nps.gov
wjacksonqx,Meilin,China,rreyesqx@sina.com.cn
afernandezqy,Kota Bharu,Malaysia,mclarkqy@biglobe.ne.jp
showardqz,Dajin,China,bpowellqz@oaic.gov.au
wnicholsr0,Göteborg,Sweden,djonesr0@wsj.com
jjohnsonr1,Xugu,China,hhartr1@unesco.org
sarnoldr2,Rio Real,Brazil,aadamsr2@apache.org
akellyr3,Palangkaraya,Indonesia,afrazierr3@amazon.com
dmillsr4,Shengmi,China,baustinr4@jugem.jp
cjordanr5,São João,Portugal,jperryr5@tinypic.com
edayr6,Herrljunga,Sweden,lfieldsr6@reddit.com
lfrazierr7,Farmington,United States,jperryr7@ca.gov
cstoner8,Sierakowice,Poland,awilsonr8@unblog.fr
lwashingtonr9,Jengglungharjo,Indonesia,tbellr9@instagram.com
lturnerra,Ābdānān,Iran,pvasquezra@people.com.cn
aperezrb,New Westminster,Canada,sspencerrb@bloomberg.com
dmorrisrc,Calidñgan,Philippines,jbutlerrc@harvard.edu
aporterrd,Naranjo,Costa Rica,groserd@goo.gl
eadamsre,Cacheu,Guinea-Bissau,kkelleyre@jugem.jp
bhansenrf,Mata-Utu,Wallis and Futuna,bellisrf@so-net.ne.jp
bdunnrg,Tampa,United States,rfranklinrg@nifty.com
mwalkerrh,Capulaan,Philippines,dmyersrh@usnews.com
jtuckerri,Emiliano Zapata,Mexico,tyoungri@creativecommons.org
swagnerrj,Birmingham,United States,dholmesrj@freewebs.com
bcooperrk,Gampengrejo,Indonesia,gjacksonrk@cdc.gov
jgutierrezrl,Sai,Indonesia,jreyesrl@vistaprint.com
scarrollrm,Ferrol,Philippines,aedwardsrm@cyberchimps.com
pmontgomeryrn,Shiyuetian,China,pscottrn@live.com
salexanderro,Toukh,Egypt,jburtonro@smh.com.au
hwrightrp,Karengan,Indonesia,khansenrp@aboutads.info
apiercerq,Bibiani,Ghana,bduncanrq@booking.com
jpowellrr,Tsévié,Togo,rellisrr@who.int
